MAP,AP50,AP75
0.14484061267750975,0.33959968759742143,0.1281897771057894
